{
    "images": [
        {
            "height": 480,
            "width": 640,
            "id": 0,
            "file_name": "WIN_20210319_11_36_06_Pro.jpg"
        },
        {
            "height": 480,
            "width": 640,
            "id": 1,
            "file_name": "WIN_20210319_11_36_07_Pro.jpg"
        },
        {
            "height": 480,
            "width": 640,
            "id": 2,
            "file_name": "WIN_20210319_11_36_09_Pro.jpg"
        },
        {
            "height": 480,
            "width": 640,
            "id": 3,
            "file_name": "WIN_20210319_11_36_11_Pro.jpg"
        },
        {
            "height": 480,
            "width": 640,
            "id": 4,
            "file_name": "WIN_20210319_11_36_29_Pro.jpg"
        },
        {
            "height": 480,
            "width": 640,
            "id": 5,
            "file_name": "WIN_20210319_11_36_31_Pro.jpg"
        },
        {
            "height": 480,
            "width": 640,
            "id": 6,
            "file_name": "WIN_20210319_11_36_32_Pro.jpg"
        },
        {
            "height": 480,
            "width": 640,
            "id": 7,
            "file_name": "WIN_20210319_11_36_33_Pro.jpg"
        },
        {
            "height": 480,
            "width": 640,
            "id": 8,
            "file_name": "WIN_20210319_11_36_35_Pro.jpg"
        },
        {
            "height": 480,
            "width": 640,
            "id": 9,
            "file_name": "WIN_20210319_11_36_36_Pro.jpg"
        },
        {
            "height": 480,
            "width": 640,
            "id": 10,
            "file_name": "WIN_20210319_11_36_57_Pro.jpg"
        },
        {
            "height": 480,
            "width": 640,
            "id": 11,
            "file_name": "WIN_20210319_11_37_00_Pro.jpg"
        },
        {
            "height": 480,
            "width": 640,
            "id": 12,
            "file_name": "WIN_20210319_11_37_01_Pro.jpg"
        },
        {
            "height": 480,
            "width": 640,
            "id": 13,
            "file_name": "WIN_20210319_11_37_03_Pro.jpg"
        },
        {
            "height": 480,
            "width": 640,
            "id": 14,
            "file_name": "WIN_20210319_11_37_05_Pro.jpg"
        },
        {
            "height": 480,
            "width": 640,
            "id": 15,
            "file_name": "WIN_20210319_11_37_17_Pro.jpg"
        },
        {
            "height": 480,
            "width": 640,
            "id": 16,
            "file_name": "WIN_20210319_11_37_18_Pro.jpg"
        },
        {
            "height": 480,
            "width": 640,
            "id": 17,
            "file_name": "WIN_20210319_11_37_36_Pro.jpg"
        },
        {
            "height": 480,
            "width": 640,
            "id": 18,
            "file_name": "WIN_20210319_11_38_01_Pro.jpg"
        },
        {
            "height": 480,
            "width": 640,
            "id": 19,
            "file_name": "WIN_20210319_11_38_06_Pro (2).jpg"
        },
        {
            "height": 480,
            "width": 640,
            "id": 20,
            "file_name": "WIN_20210319_11_38_06_Pro.jpg"
        },
        {
            "height": 480,
            "width": 640,
            "id": 21,
            "file_name": "WIN_20210319_11_38_07_Pro.jpg"
        },
        {
            "height": 480,
            "width": 640,
            "id": 22,
            "file_name": "WIN_20210319_11_38_23_Pro (2).jpg"
        },
        {
            "height": 480,
            "width": 640,
            "id": 23,
            "file_name": "WIN_20210319_11_38_44_Pro.jpg"
        },
        {
            "height": 480,
            "width": 640,
            "id": 24,
            "file_name": "WIN_20210319_11_38_45_Pro.jpg"
        },
        {
            "height": 480,
            "width": 640,
            "id": 25,
            "file_name": "WIN_20210319_11_38_53_Pro.jpg"
        },
        {
            "height": 480,
            "width": 640,
            "id": 26,
            "file_name": "WIN_20210319_11_39_09_Pro (2).jpg"
        },
        {
            "height": 480,
            "width": 640,
            "id": 27,
            "file_name": "WIN_20210319_11_39_09_Pro.jpg"
        },
        {
            "height": 480,
            "width": 640,
            "id": 28,
            "file_name": "WIN_20210319_11_39_27_Pro (2).jpg"
        },
        {
            "height": 480,
            "width": 640,
            "id": 29,
            "file_name": "WIN_20210319_11_39_27_Pro.jpg"
        },
        {
            "height": 480,
            "width": 640,
            "id": 30,
            "file_name": "WIN_20210319_11_39_32_Pro (2).jpg"
        },
        {
            "height": 480,
            "width": 640,
            "id": 31,
            "file_name": "WIN_20210319_11_39_43_Pro.jpg"
        },
        {
            "height": 480,
            "width": 640,
            "id": 32,
            "file_name": "WIN_20210319_11_39_47_Pro.jpg"
        },
        {
            "height": 480,
            "width": 640,
            "id": 33,
            "file_name": "WIN_20210319_12_20_24_Pro.jpg"
        },
        {
            "height": 480,
            "width": 640,
            "id": 34,
            "file_name": "WIN_20210319_12_20_31_Pro.jpg"
        }
    ],
    "categories": [
        {
            "supercategory": "containerCeiling",
            "id": 0,
            "name": "containerCeiling"
        }
    ],
    "annotations": [
        {
            "segmentation": [
                [
                    194.3168316831683,
                    341.0792079207921,
                    281.44554455445547,
                    230.68316831683168,
                    326.0,
                    248.5049504950495,
                    236.3960396039604,
                    366.3267326732673
                ]
            ],
            "iscrowd": 0,
            "area": 6845.774924027064,
            "image_id": 0,
            "bbox": [
                194.0,
                230.0,
                132.0,
                136.0
            ],
            "category_id": 0,
            "id": 1
        },
        {
            "segmentation": [
                [
                    469.0693069306931,
                    193.55445544554456,
                    448.2772277227723,
                    153.45544554455446,
                    583.9207920792079,
                    108.9009900990099,
                    610.1584158415842,
                    147.01980198019803
                ]
            ],
            "iscrowd": 0,
            "area": 6482.330163709441,
            "image_id": 0,
            "bbox": [
                448.0,
                108.0,
                162.0,
                85.0
            ],
            "category_id": 0,
            "id": 2
        },
        {
            "segmentation": [
                [
                    361.64356435643566,
                    253.45544554455446,
                    349.76237623762376,
                    217.31683168316832,
                    449.7623762376238,
                    178.2079207920792,
                    467.58415841584156,
                    211.37623762376236
                ]
            ],
            "iscrowd": 0,
            "area": 4171.159690226428,
            "image_id": 1,
            "bbox": [
                349.0,
                178.0,
                118.0,
                75.0
            ],
            "category_id": 0,
            "id": 3
        },
        {
            "segmentation": [
                [
                    194.81188118811883,
                    398.5049504950495,
                    161.64356435643563,
                    377.71287128712873,
                    224.019801980198,
                    283.15841584158414,
                    259.16831683168317,
                    299.4950495049505
                ]
            ],
            "iscrowd": 0,
            "area": 4482.281148906972,
            "image_id": 1,
            "bbox": [
                161.0,
                283.0,
                98.0,
                115.0
            ],
            "category_id": 0,
            "id": 4
        },
        {
            "segmentation": [
                [
                    245.30693069306932,
                    351.970297029703,
                    290.35643564356434,
                    237.11881188118812,
                    339.86138613861385,
                    247.5148514851485,
                    298.7722772277228,
                    363.8514851485148
                ]
            ],
            "iscrowd": 0,
            "area": 6431.109695127932,
            "image_id": 2,
            "bbox": [
                245.0,
                237.0,
                94.0,
                126.0
            ],
            "category_id": 0,
            "id": 5
        },
        {
            "segmentation": [
                [
                    417.08910891089107,
                    156.4257425742574,
                    443.82178217821786,
                    187.11881188118812,
                    539.8613861386139,
                    138.6039603960396,
                    506.69306930693074,
                    111.37623762376238
                ]
            ],
            "iscrowd": 0,
            "area": 4089.3049701009295,
            "image_id": 2,
            "bbox": [
                417.0,
                111.0,
                122.0,
                76.0
            ],
            "category_id": 0,
            "id": 6
        },
        {
            "segmentation": [
                [
                    255.7029702970297,
                    300.980198019802,
                    264.61386138613864,
                    262.36633663366337,
                    369.56435643564356,
                    265.33663366336634,
                    363.6237623762376,
                    303.9504950495049
                ]
            ],
            "iscrowd": 0,
            "area": 4131.947848250187,
            "image_id": 3,
            "bbox": [
                255.0,
                262.0,
                114.0,
                41.0
            ],
            "category_id": 0,
            "id": 7
        },
        {
            "segmentation": [
                [
                    147.78217821782178,
                    303.9504950495049,
                    131.94059405940595,
                    278.2079207920792,
                    37.88118811881188,
                    339.5940594059406,
                    49.26732673267327,
                    368.8019801980198
                ]
            ],
            "iscrowd": 0,
            "area": 3504.803450642088,
            "image_id": 3,
            "bbox": [
                37.0,
                278.0,
                110.0,
                90.0
            ],
            "category_id": 0,
            "id": 8
        },
        {
            "segmentation": [
                [
                    295.8019801980198,
                    223.75247524752476,
                    245.30693069306932,
                    205.43564356435644,
                    155.2079207920792,
                    341.0792079207921,
                    203.7227722772277,
                    366.3267326732673
                ]
            ],
            "iscrowd": 0,
            "area": 8870.698951083206,
            "image_id": 4,
            "bbox": [
                155.0,
                205.0,
                140.0,
                161.0
            ],
            "category_id": 0,
            "id": 9
        },
        {
            "segmentation": [
                [
                    365.1089108910891,
                    277.2178217821782,
                    497.2871287128713,
                    170.78217821782178,
                    550.2574257425742,
                    208.9009900990099,
                    412.13861386138615,
                    324.74257425742576
                ]
            ],
            "iscrowd": 0,
            "area": 11344.230957749241,
            "image_id": 4,
            "bbox": [
                365.0,
                170.0,
                185.0,
                154.0
            ],
            "category_id": 0,
            "id": 10
        },
        {
            "segmentation": [
                [
                    192.83168316831683,
                    255.93069306930693,
                    262.13861386138615,
                    271.2772277227723,
                    221.04950495049502,
                    449.990099009901,
                    152.23762376237624,
                    431.1782178217822
                ]
            ],
            "iscrowd": 0,
            "area": 12919.689246152324,
            "image_id": 5,
            "bbox": [
                152.0,
                255.0,
                110.0,
                194.0
            ],
            "category_id": 0,
            "id": 11
        },
        {
            "segmentation": [
                [
                    359.16831683168317,
                    327.71287128712873,
                    470.5544554455446,
                    179.69306930693068,
                    534.9108910891089,
                    222.26732673267327,
                    421.049504950495,
                    374.74257425742576
                ]
            ],
            "iscrowd": 0,
            "area": 14529.212822272355,
            "image_id": 5,
            "bbox": [
                359.0,
                179.0,
                175.0,
                195.0
            ],
            "category_id": 0,
            "id": 12
        },
        {
            "segmentation": [
                [
                    186.89108910891088,
                    434.1485148514851,
                    126.990099009901,
                    417.81188118811883,
                    135.9009900990099,
                    275.23762376237624,
                    200.75247524752473,
                    289.0990099009901
                ]
            ],
            "iscrowd": 0,
            "area": 9142.363493775105,
            "image_id": 6,
            "bbox": [
                126.0,
                275.0,
                74.0,
                159.0
            ],
            "category_id": 0,
            "id": 13
        },
        {
            "segmentation": [
                [
                    298.7722772277228,
                    340.08910891089107,
                    394.81188118811883,
                    202.96039603960395,
                    462.13861386138615,
                    251.47524752475246,
                    356.1980198019802,
                    382.16831683168317
                ]
            ],
            "iscrowd": 0,
            "area": 12927.409077541437,
            "image_id": 6,
            "bbox": [
                298.0,
                202.0,
                164.0,
                180.0
            ],
            "category_id": 0,
            "id": 14
        },
        {
            "segmentation": [
                [
                    135.9009900990099,
                    418.8019801980198,
                    198.77227722772278,
                    260.38613861386136,
                    274.019801980198,
                    288.1089108910891,
                    206.1980198019802,
                    444.049504950495
                ]
            ],
            "iscrowd": 0,
            "area": 13168.929516714066,
            "image_id": 7,
            "bbox": [
                135.0,
                260.0,
                139.0,
                184.0
            ],
            "category_id": 0,
            "id": 15
        },
        {
            "segmentation": [
                [
                    367.58415841584156,
                    354.44554455445547,
                    418.5742574257426,
                    404.44554455445547,
                    565.1089108910891,
                    286.1287128712871,
                    517.0891089108911,
                    232.16831683168317
                ]
            ],
            "iscrowd": 0,
            "area": 13649.39711792965,
            "image_id": 7,
            "bbox": [
                367.0,
                232.0,
                198.0,
                172.0
            ],
            "category_id": 0,
            "id": 16
        },
        {
            "segmentation": [
                [
                    259.16831683168317,
                    250.4851485148515,
                    304.71287128712873,
                    254.94059405940592,
                    292.83168316831683,
                    368.8019801980198,
                    246.2970297029703,
                    364.84158415841586
                ]
            ],
            "iscrowd": 0,
            "area": 5305.6072934026015,
            "image_id": 8,
            "bbox": [
                246.0,
                250.0,
                58.0,
                118.0
            ],
            "category_id": 0,
            "id": 17
        },
        {
            "segmentation": [
                [
                    369.56435643564356,
                    278.2079207920792,
                    424.019801980198,
                    184.64356435643563,
                    464.61386138613864,
                    207.41584158415841,
                    412.13861386138615,
                    302.96039603960395
                ]
            ],
            "iscrowd": 0,
            "area": 5202.431134202547,
            "image_id": 8,
            "bbox": [
                369.0,
                184.0,
                95.0,
                118.0
            ],
            "category_id": 0,
            "id": 18
        },
        {
            "segmentation": [
                [
                    385.4059405940594,
                    161.87128712871288,
                    341.34653465346537,
                    169.2970297029703,
                    355.7029702970297,
                    266.8217821782178,
                    401.74257425742576,
                    260.38613861386136
                ]
            ],
            "iscrowd": 0,
            "area": 4522.105675914121,
            "image_id": 9,
            "bbox": [
                341.0,
                161.0,
                60.0,
                105.0
            ],
            "category_id": 0,
            "id": 19
        },
        {
            "segmentation": [
                [
                    315.6039603960396,
                    405.9306930693069,
                    351.74257425742576,
                    386.1287128712871,
                    292.83168316831683,
                    293.55445544554453,
                    257.18811881188117,
                    315.83168316831683
                ]
            ],
            "iscrowd": 0,
            "area": 4512.425252426241,
            "image_id": 9,
            "bbox": [
                257.0,
                293.0,
                94.0,
                112.0
            ],
            "category_id": 0,
            "id": 20
        },
        {
            "segmentation": [
                [
                    275.009900990099,
                    223.75247524752476,
                    476.49504950495054,
                    208.40594059405942,
                    484.41584158415844,
                    286.1287128712871,
                    271.049504950495,
                    299.4950495049505
                ]
            ],
            "iscrowd": 0,
            "area": 15944.760317615903,
            "image_id": 10,
            "bbox": [
                271.0,
                208.0,
                213.0,
                91.0
            ],
            "category_id": 0,
            "id": 21
        },
        {
            "segmentation": [
                [
                    198.77227722772278,
                    255.93069306930693,
                    339.36633663366337,
                    254.94059405940592,
                    345.3069306930693,
                    301.4752475247525,
                    196.2970297029703,
                    303.9504950495049
                ]
            ],
            "iscrowd": 0,
            "area": 6848.838349181431,
            "image_id": 11,
            "bbox": [
                196.0,
                254.0,
                149.0,
                49.0
            ],
            "category_id": 0,
            "id": 22
        },
        {
            "segmentation": [
                [
                    192.83168316831683,
                    367.81188118811883,
                    229.96039603960395,
                    318.8019801980198,
                    363.6237623762376,
                    389.0990099009901,
                    337.38613861386136,
                    444.54455445544556
                ]
            ],
            "iscrowd": 0,
            "area": 9594.525046564027,
            "image_id": 11,
            "bbox": [
                192.0,
                318.0,
                171.0,
                126.0
            ],
            "category_id": 0,
            "id": 23
        },
        {
            "segmentation": [
                [
                    188.87128712871288,
                    274.2475247524753,
                    385.9009900990099,
                    267.81188118811883,
                    379.96039603960395,
                    167.8118811881188,
                    188.3762376237624,
                    192.06930693069307
                ]
            ],
            "iscrowd": 0,
            "area": 17748.627585530805,
            "image_id": 12,
            "bbox": [
                188.0,
                167.0,
                197.0,
                107.0
            ],
            "category_id": 0,
            "id": 24
        },
        {
            "segmentation": [
                [
                    331.44554455445547,
                    292.0693069306931,
                    337.38613861386136,
                    462.36633663366337,
                    26.990099009900987,
                    383.65346534653463,
                    9.663366336633658,
                    257.4158415841584
                ]
            ],
            "iscrowd": 0,
            "area": 46206.2542887952,
            "image_id": 13,
            "bbox": [
                9.0,
                257.0,
                328.0,
                205.0
            ],
            "category_id": 0,
            "id": 25
        },
        {
            "segmentation": [
                [
                    185.9009900990099,
                    93.55445544554455,
                    260.15841584158414,
                    17.316831683168317,
                    460.65346534653463,
                    182.66336633663366,
                    393.3267326732673,
                    265.33663366336634
                ]
            ],
            "iscrowd": 0,
            "area": 28138.785413194782,
            "image_id": 14,
            "bbox": [
                185.0,
                17.0,
                275.0,
                248.0
            ],
            "category_id": 0,
            "id": 26
        },
        {
            "segmentation": [
                [
                    355.7029702970297,
                    401.4752475247525,
                    451.74257425742576,
                    300.980198019802,
                    412.13861386138615,
                    262.36633663366337,
                    315.1089108910891,
                    361.8712871287129
                ]
            ],
            "iscrowd": 0,
            "area": 7785.2661503774,
            "image_id": 15,
            "bbox": [
                315.0,
                262.0,
                136.0,
                139.0
            ],
            "category_id": 0,
            "id": 27
        },
        {
            "segmentation": [
                [
                    303.7227722772277,
                    312.86138613861385,
                    337.38613861386136,
                    269.2970297029703,
                    228.97029702970298,
                    195.03960396039605,
                    193.32673267326732,
                    235.63366336633663
                ]
            ],
            "iscrowd": 0,
            "area": 7228.4579943143035,
            "image_id": 15,
            "bbox": [
                193.0,
                195.0,
                144.0,
                117.0
            ],
            "category_id": 0,
            "id": 28
        },
        {
            "segmentation": [
                [
                    277.980198019802,
                    179.69306930693068,
                    314.1188118811881,
                    141.07920792079207,
                    421.049504950495,
                    233.65346534653466,
                    387.38613861386136,
                    275.73267326732673
                ]
            ],
            "iscrowd": 0,
            "area": 7655.621997843351,
            "image_id": 16,
            "bbox": [
                277.0,
                141.0,
                144.0,
                134.0
            ],
            "category_id": 0,
            "id": 29
        },
        {
            "segmentation": [
                [
                    393.3267326732673,
                    321.7722772277228,
                    433.9207920792079,
                    368.3069306930693,
                    524.5148514851485,
                    275.73267326732673,
                    488.37623762376234,
                    232.66336633663366
                ]
            ],
            "iscrowd": 0,
            "area": 7643.858445250487,
            "image_id": 16,
            "bbox": [
                393.0,
                232.0,
                131.0,
                136.0
            ],
            "category_id": 0,
            "id": 30
        },
        {
            "segmentation": [
                [
                    398.7722772277228,
                    9.891089108910892,
                    251.24752475247527,
                    33.65346534653465,
                    192.83168316831683,
                    156.4257425742574,
                    293.3267326732673,
                    134.14851485148515
                ]
            ],
            "iscrowd": 0,
            "area": 13431.036172924221,
            "image_id": 17,
            "bbox": [
                192.0,
                9.0,
                206.0,
                147.0
            ],
            "category_id": 0,
            "id": 31
        },
        {
            "segmentation": [
                [
                    361.64356435643566,
                    294.049504950495,
                    430.9504950495049,
                    276.7227722772277,
                    363.6237623762376,
                    224.74257425742573,
                    306.6930693069307,
                    238.6039603960396
                ]
            ],
            "iscrowd": 0,
            "area": 4343.6917949220515,
            "image_id": 18,
            "bbox": [
                306.0,
                224.0,
                124.0,
                70.0
            ],
            "category_id": 0,
            "id": 32
        },
        {
            "segmentation": [
                [
                    530.950495049505,
                    261.8712871287129,
                    459.1683168316831,
                    211.87128712871288,
                    512.6336633663366,
                    199.990099009901,
                    597.2871287128713,
                    247.01980198019803
                ]
            ],
            "iscrowd": 0,
            "area": 3951.5733751593216,
            "image_id": 18,
            "bbox": [
                459.0,
                199.0,
                138.0,
                62.0
            ],
            "category_id": 0,
            "id": 33
        },
        {
            "segmentation": [
                [
                    251.24752475247527,
                    203.95049504950495,
                    218.0792079207921,
                    146.02970297029702,
                    126.990099009901,
                    166.82178217821783,
                    114.11881188118812,
                    238.1089108910891
                ]
            ],
            "iscrowd": 0,
            "area": 7650.720517596317,
            "image_id": 19,
            "bbox": [
                114.0,
                146.0,
                137.0,
                92.0
            ],
            "category_id": 0,
            "id": 34
        },
        {
            "segmentation": [
                [
                    442.33663366336634,
                    175.23762376237624,
                    372.53465346534654,
                    122.26732673267327,
                    460.65346534653463,
                    103.95049504950495,
                    573.5247524752475,
                    147.01980198019803
                ]
            ],
            "iscrowd": 0,
            "area": 7390.696990491109,
            "image_id": 19,
            "bbox": [
                372.0,
                103.0,
                201.0,
                72.0
            ],
            "category_id": 0,
            "id": 35
        },
        {
            "segmentation": [
                [
                    264.61386138613864,
                    223.75247524752476,
                    257.18811881188117,
                    147.01980198019803,
                    345.8019801980198,
                    136.62376237623764,
                    396.2970297029703,
                    205.43564356435644
                ]
            ],
            "iscrowd": 0,
            "area": 8431.526320948935,
            "image_id": 20,
            "bbox": [
                257.0,
                136.0,
                139.0,
                87.0
            ],
            "category_id": 0,
            "id": 36
        },
        {
            "segmentation": [
                [
                    266.5940594059406,
                    219.2970297029703,
                    233.4257425742574,
                    155.93069306930693,
                    144.8118811881188,
                    176.72277227722773,
                    135.9009900990099,
                    248.5049504950495
                ]
            ],
            "iscrowd": 0,
            "area": 7712.969316733666,
            "image_id": 21,
            "bbox": [
                135.0,
                155.0,
                131.0,
                93.0
            ],
            "category_id": 0,
            "id": 37
        },
        {
            "segmentation": [
                [
                    451.2475247524752,
                    188.6039603960396,
                    382.9306930693069,
                    132.16831683168317,
                    470.5544554455446,
                    114.34653465346534,
                    580.950495049505,
                    159.3960396039604
                ]
            ],
            "iscrowd": 0,
            "area": 7615.062248799106,
            "image_id": 21,
            "bbox": [
                382.0,
                114.0,
                198.0,
                74.0
            ],
            "category_id": 0,
            "id": 38
        },
        {
            "segmentation": [
                [
                    500.7524752475248,
                    431.1782178217822,
                    579.960396039604,
                    374.2475247524753,
                    479.960396039604,
                    114.34653465346534,
                    388.3762376237624,
                    142.56435643564356
                ]
            ],
            "iscrowd": 0,
            "area": 27941.37829624547,
            "image_id": 22,
            "bbox": [
                388.0,
                114.0,
                191.0,
                317.0
            ],
            "category_id": 0,
            "id": 39
        },
        {
            "segmentation": [
                [
                    206.69306930693068,
                    241.07920792079207,
                    229.96039603960395,
                    205.43564356435644,
                    476.49504950495054,
                    174.24752475247524,
                    491.34653465346537,
                    203.95049504950495
                ]
            ],
            "iscrowd": 0,
            "area": 8534.08979511814,
            "image_id": 23,
            "bbox": [
                206.0,
                174.0,
                285.0,
                67.0
            ],
            "category_id": 0,
            "id": 40
        },
        {
            "segmentation": [
                [
                    296.2970297029703,
                    174.24752475247524,
                    300.7524752475247,
                    154.94059405940595,
                    489.86138613861385,
                    123.75247524752476,
                    509.66336633663366,
                    141.07920792079207
                ]
            ],
            "iscrowd": 0,
            "area": 3932.9477502205555,
            "image_id": 23,
            "bbox": [
                296.0,
                123.0,
                213.0,
                51.0
            ],
            "category_id": 0,
            "id": 41
        },
        {
            "segmentation": [
                [
                    314.1188118811881,
                    176.72277227722773,
                    317.08910891089107,
                    154.44554455445544,
                    515.1089108910891,
                    124.74257425742574,
                    538.3762376237623,
                    144.04950495049505
                ]
            ],
            "iscrowd": 0,
            "area": 4706.523870208795,
            "image_id": 24,
            "bbox": [
                314.0,
                124.0,
                224.0,
                52.0
            ],
            "category_id": 0,
            "id": 42
        },
        {
            "segmentation": [
                [
                    222.53465346534654,
                    254.94059405940592,
                    529.4653465346535,
                    221.77227722772278,
                    506.69306930693074,
                    182.66336633663366,
                    245.30693069306932,
                    214.34653465346534
                ]
            ],
            "iscrowd": 0,
            "area": 11324.134888736415,
            "image_id": 24,
            "bbox": [
                222.0,
                182.0,
                307.0,
                72.0
            ],
            "category_id": 0,
            "id": 43
        },
        {
            "segmentation": [
                [
                    285.4059405940594,
                    246.02970297029702,
                    527.4851485148515,
                    193.55445544554456,
                    464.61386138613864,
                    154.44554455445544,
                    241.84158415841586,
                    197.01980198019803
                ]
            ],
            "iscrowd": 0,
            "area": 12769.703950593073,
            "image_id": 25,
            "bbox": [
                241.0,
                154.0,
                286.0,
                92.0
            ],
            "category_id": 0,
            "id": 44
        },
        {
            "segmentation": [
                [
                    257.68316831683165,
                    147.5148514851485,
                    220.05940594059405,
                    120.28712871287128,
                    394.3168316831683,
                    93.05940594059406,
                    437.88118811881185,
                    114.84158415841584
                ]
            ],
            "iscrowd": 0,
            "area": 5558.7687481619505,
            "image_id": 25,
            "bbox": [
                220.0,
                93.0,
                217.0,
                54.0
            ],
            "category_id": 0,
            "id": 45
        },
        {
            "segmentation": [
                [
                    238.87128712871288,
                    458.4059405940594,
                    237.8811881188119,
                    351.970297029703,
                    529.4653465346535,
                    299.990099009901,
                    582.4356435643564,
                    395.53465346534654
                ]
            ],
            "iscrowd": 0,
            "area": 33621.213606509205,
            "image_id": 26,
            "bbox": [
                237.0,
                299.0,
                345.0,
                159.0
            ],
            "category_id": 0,
            "id": 46
        },
        {
            "segmentation": [
                [
                    208.1782178217822,
                    426.2277227722772,
                    583.9207920792079,
                    380.68316831683165,
                    541.3465346534654,
                    283.15841584158414,
                    231.94059405940595,
                    329.1980198019802
                ]
            ],
            "iscrowd": 0,
            "area": 33755.391628271725,
            "image_id": 27,
            "bbox": [
                208.0,
                283.0,
                375.0,
                143.0
            ],
            "category_id": 0,
            "id": 47
        },
        {
            "segmentation": [
                [
                    328.970297029703,
                    108.4059405940594,
                    510.65346534653463,
                    44.04950495049505,
                    451.2475247524752,
                    25.237623762376238,
                    277.980198019802,
                    81.67326732673267
                ]
            ],
            "iscrowd": 0,
            "area": 7375.257327712963,
            "image_id": 28,
            "bbox": [
                277.0,
                25.0,
                233.0,
                83.0
            ],
            "category_id": 0,
            "id": 48
        },
        {
            "segmentation": [
                [
                    414.1188118811881,
                    187.6138613861386,
                    270.55445544554453,
                    60.88118811881188,
                    371.049504950495,
                    24.742574257425744,
                    551.7425742574258,
                    126.22772277227723
                ]
            ],
            "iscrowd": 0,
            "area": 21491.52043917263,
            "image_id": 29,
            "bbox": [
                270.0,
                24.0,
                281.0,
                163.0
            ],
            "category_id": 0,
            "id": 49
        },
        {
            "segmentation": [
                [
                    4.712871287128706,
                    226.72277227722773,
                    43.821782178217816,
                    139.59405940594058,
                    423.029702970297,
                    65.33663366336634,
                    472.53465346534654,
                    135.13861386138615
                ]
            ],
            "iscrowd": 0,
            "area": 33662.263503578084,
            "image_id": 30,
            "bbox": [
                4.0,
                65.0,
                468.0,
                161.0
            ],
            "category_id": 0,
            "id": 50
        },
        {
            "segmentation": [
                [
                    8.178217821782184,
                    399.990099009901,
                    64.11881188118812,
                    295.53465346534654,
                    405.2079207920792,
                    265.33663366336634,
                    426.0,
                    368.3069306930693
                ]
            ],
            "iscrowd": 0,
            "area": 38810.65581805707,
            "image_id": 31,
            "bbox": [
                8.0,
                265.0,
                418.0,
                134.0
            ],
            "category_id": 0,
            "id": 51
        },
        {
            "segmentation": [
                [
                    0.7524752475247567,
                    214.84158415841583,
                    37.38613861386139,
                    69.79207920792079,
                    434.91089108910893,
                    66.82178217821782,
                    407.68316831683165,
                    253.45544554455446
                ]
            ],
            "iscrowd": 0,
            "area": 67275.14459366728,
            "image_id": 32,
            "bbox": [
                0.0,
                66.0,
                434.0,
                187.0
            ],
            "category_id": 0,
            "id": 52
        },
        {
            "segmentation": [
                [
                    263.1287128712871,
                    235.63366336633663,
                    266.0990099009901,
                    162.36633663366337,
                    512.1386138613861,
                    141.5742574257426,
                    544.3168316831683,
                    214.84158415841583
                ]
            ],
            "iscrowd": 0,
            "area": 19617.929614743654,
            "image_id": 33,
            "bbox": [
                263.0,
                141.0,
                281.0,
                94.0
            ],
            "category_id": 0,
            "id": 53
        },
        {
            "segmentation": [
                [
                    316.5940594059406,
                    96.52475247524752,
                    544.3168316831683,
                    78.70297029702971,
                    573.5247524752475,
                    136.62376237623764,
                    322.53465346534654,
                    155.93069306930693
                ]
            ],
            "iscrowd": 0,
            "area": 14367.709048132529,
            "image_id": 33,
            "bbox": [
                316.0,
                78.0,
                257.0,
                77.0
            ],
            "category_id": 0,
            "id": 54
        },
        {
            "segmentation": [
                [
                    57.188118811881196,
                    270.78217821782175,
                    67.0891089108911,
                    126.72277227722772,
                    416.5940594059406,
                    130.68316831683168,
                    404.71287128712873,
                    318.8019801980198
                ]
            ],
            "iscrowd": 0,
            "area": 58167.58160964612,
            "image_id": 34,
            "bbox": [
                57.0,
                126.0,
                359.0,
                192.0
            ],
            "category_id": 0,
            "id": 55
        }
    ]
}