{
    "images": [
        {
            "height": 480,
            "width": 640,
            "id": 0,
            "file_name": "0grader350mm.jpg"
        },
        {
            "height": 480,
            "width": 640,
            "id": 1,
            "file_name": "10grader300mm.jpg"
        },
        {
            "height": 480,
            "width": 640,
            "id": 2,
            "file_name": "20grader300mm.jpg"
        },
        {
            "height": 480,
            "width": 640,
            "id": 3,
            "file_name": "300mm.jpg"
        },
        {
            "height": 480,
            "width": 640,
            "id": 4,
            "file_name": "43grader350mm.jpg"
        }
    ],
    "categories": [
        {
            "supercategory": "containerCeiling",
            "id": 0,
            "name": "containerCeiling"
        }
    ],
    "annotations": [
        {
            "segmentation": [
                [
                    373.0,
                    298.14285714285717,
                    321.2857142857143,
                    299.42857142857144,
                    320.42857142857144,
                    172.42857142857142,
                    370.85714285714283,
                    172.28571428571428
                ]
            ],
            "iscrowd": 0,
            "area": 6457.959183673462,
            "image_id": 0,
            "bbox": [
                320.0,
                172.0,
                53.0,
                127.0
            ],
            "category_id": 0,
            "id": 1
        },
        {
            "segmentation": [
                [
                    321.8333333333333,
                    304.1666666666667,
                    321.8333333333333,
                    157.0,
                    380.6666666666667,
                    157.0,
                    380.3333333333333,
                    305.6666666666667
                ]
            ],
            "iscrowd": 0,
            "area": 8677.902777777781,
            "image_id": 1,
            "bbox": [
                321.0,
                157.0,
                59.0,
                148.0
            ],
            "category_id": 0,
            "id": 2
        },
        {
            "segmentation": [
                [
                    324.6666666666667,
                    303.6666666666667,
                    324.0,
                    158.33333333333334,
                    378.8333333333333,
                    157.0,
                    379.3333333333333,
                    306.6666666666667
                ]
            ],
            "iscrowd": 0,
            "area": 8075.138888888876,
            "image_id": 2,
            "bbox": [
                324.0,
                157.0,
                55.0,
                149.0
            ],
            "category_id": 0,
            "id": 3
        },
        {
            "segmentation": [
                [
                    381.3333333333333,
                    303.5,
                    321.1666666666667,
                    303.6666666666667,
                    321.1666666666667,
                    155.16666666666666,
                    379.5,
                    155.33333333333334
                ]
            ],
            "iscrowd": 0,
            "area": 8788.75,
            "image_id": 3,
            "bbox": [
                321.0,
                155.0,
                60.0,
                148.0
            ],
            "category_id": 0,
            "id": 4
        },
        {
            "segmentation": [
                [
                    329.1666666666667,
                    165.0,
                    362.0,
                    162.5,
                    364.0,
                    293.3333333333333,
                    331.1666666666667,
                    288.8333333333333
                ]
            ],
            "iscrowd": 0,
            "area": 4178.777777777781,
            "image_id": 4,
            "bbox": [
                329.0,
                162.0,
                35.0,
                131.0
            ],
            "category_id": 0,
            "id": 5
        }
    ]
}